,,,,,,,,,,,,,,,
,,,,연료별 차종별 용도별 등록현황,,,,,,,,,,,
,,,,,,,,,,,,,,,
,,,,,,,,,,,,,,,
자동차관리 시스템,,,,,,,,,,,,,,,
PROG_ID     :,,STA029Q,,,,,,,,,Page No. :,,,1,
통계기준월  :,,202202,,,,,,,,,출력일자 :,,,2022-03-16 16:00:40,
시군구별,,,연료별,,,용도별,승    용,승    합,화    물,,,특    수,,,계
합 계,,,계,,,계,2743620,99542,326132,,,10034,,,3179328
종로구,,,CNG,,,비사업용,8,4,21,,,0,,,33
,,,CNG,,,사업용,0,86,0,,,0,,,86
,,,경유,,,비사업용,10172,3017,3709,,,136,,,17034
,,,경유,,,사업용,346,161,657,,,67,,,1231
,,,기타연료,,,비사업용,1,30,55,,,28,,,114
,,,기타연료,,,사업용,0,0,94,,,0,,,94
,,,수소,,,비사업용,68,4,0,,,0,,,72
,,,엘피지,,,비사업용,1452,196,255,,,0,,,1903
,,,엘피지,,,사업용,342,2,113,,,0,,,457
,,,전기,,,비사업용,483,1,38,,,0,,,522
,,,전기,,,사업용,59,6,25,,,0,,,90
,,,하이브리드(LPG+전기),,,비사업용,29,0,0,,,0,,,29
,,,하이브리드(경유+전기),,,비사업용,34,0,0,,,0,,,34
,,,하이브리드(휘발유+전기),,,비사업용,2303,0,0,,,0,,,2303
,,,하이브리드(휘발유+전기),,,사업용,99,0,0,,,0,,,99
,,,휘발유,,,비사업용,10880,35,70,,,1,,,10986
,,,휘발유,,,사업용,17,0,0,,,0,,,17
,,,휘발유(무연),,,비사업용,15245,31,14,,,1,,,15291
,,,휘발유(무연),,,사업용,476,1,0,,,0,,,477
,,,휘발유(유연),,,비사업용,11,0,0,,,0,,,11
중구,,,CNG,,,비사업용,9,1,12,,,0,,,22
,,,CNG,,,사업용,0,13,0,,,0,,,13
중구,,,경유,,,비사업용,14089,2030,4515,,,87,,,20721
,,,경유,,,사업용,619,248,1627,,,126,,,2620
,,,기타연료,,,비사업용,4,25,86,,,30,,,145
,,,기타연료,,,사업용,0,0,144,,,0,,,144
,,,수소,,,비사업용,38,0,0,,,0,,,38
,,,엘피지,,,비사업용,1295,465,358,,,0,,,2118
,,,엘피지,,,사업용,727,1,52,,,0,,,780
,,,전기,,,비사업용,586,3,54,,,0,,,643
,,,전기,,,사업용,268,0,57,,,0,,,325
,,,하이브리드(LPG+전기),,,비사업용,22,0,0,,,0,,,22
,,,하이브리드(경유+전기),,,비사업용,92,0,0,,,0,,,92
,,,하이브리드(경유+전기),,,사업용,3,0,0,,,0,,,3
,,,하이브리드(휘발유+전기),,,비사업용,2425,0,0,,,0,,,2425
,,,하이브리드(휘발유+전기),,,사업용,150,0,0,,,0,,,150
,,,휘발유,,,비사업용,15524,28,43,,,0,,,15595
,,,휘발유,,,사업용,860,0,0,,,0,,,860
,,,휘발유(무연),,,비사업용,13215,133,29,,,0,,,13377
,,,휘발유(무연),,,사업용,277,0,0,,,0,,,277
,,,휘발유(유연),,,비사업용,10,0,0,,,0,,,10
용산구,,,CNG,,,비사업용,1,0,25,,,0,,,26
,,,CNG,,,사업용,0,2,0,,,0,,,2
,,,경유,,,비사업용,17121,1717,4716,,,84,,,23638
,,,경유,,,사업용,158,52,955,,,38,,,1203
용산구,,,기타연료,,,비사업용,89,37,117,,,15,,,258
,,,기타연료,,,사업용,0,0,8,,,0,,,8
,,,수소,,,비사업용,63,0,0,,,0,,,63
,,,엘피지,,,비사업용,2205,309,383,,,1,,,2898
,,,엘피지,,,사업용,425,6,66,,,0,,,497
,,,전기,,,비사업용,879,1,50,,,0,,,930
,,,전기,,,사업용,6,0,39,,,0,,,45
,,,하이브리드(LPG+전기),,,비사업용,31,0,0,,,0,,,31
,,,하이브리드(경유+전기),,,비사업용,80,0,0,,,0,,,80
,,,하이브리드(경유+전기),,,사업용,4,0,0,,,0,,,4
,,,하이브리드(휘발유+전기),,,비사업용,3962,0,0,,,0,,,3962
,,,하이브리드(휘발유+전기),,,사업용,129,0,0,,,0,,,129
,,,휘발유,,,비사업용,22859,23,79,,,0,,,22961
,,,휘발유,,,사업용,177,0,0,,,0,,,177
,,,휘발유(무연),,,비사업용,22500,24,16,,,0,,,22540
,,,휘발유(무연),,,사업용,89,0,0,,,0,,,89
,,,휘발유(유연),,,비사업용,18,0,0,,,0,,,18
성동구,,,CNG,,,비사업용,8,5,19,,,0,,,32
,,,CNG,,,사업용,0,406,0,,,0,,,406
,,,경유,,,비사업용,23787,1804,7830,,,121,,,33542
,,,경유,,,사업용,650,351,1697,,,109,,,2807
,,,기타연료,,,비사업용,3,53,121,,,45,,,222
,,,기타연료,,,사업용,1,0,102,,,0,,,103
성동구,,,수소,,,비사업용,47,0,0,,,0,,,47
,,,수소,,,사업용,0,4,0,,,0,,,4
,,,엘피지,,,비사업용,3653,349,667,,,1,,,4670
,,,엘피지,,,사업용,2584,8,211,,,0,,,2803
,,,전기,,,비사업용,747,1,93,,,1,,,842
,,,전기,,,사업용,525,45,49,,,0,,,619
,,,하이브리드(LPG+전기),,,비사업용,50,0,0,,,0,,,50
,,,하이브리드(LPG+전기),,,사업용,28,0,0,,,0,,,28
,,,하이브리드(경유+전기),,,비사업용,121,0,0,,,0,,,121
,,,하이브리드(경유+전기),,,사업용,14,0,0,,,0,,,14
,,,하이브리드(휘발유+전기),,,비사업용,4451,0,0,,,0,,,4451
,,,하이브리드(휘발유+전기),,,사업용,30,0,0,,,0,,,30
,,,휘발유,,,비사업용,21133,9,67,,,1,,,21210
,,,휘발유,,,사업용,281,1,0,,,0,,,282
,,,휘발유(무연),,,비사업용,28582,16,9,,,0,,,28607
,,,휘발유(무연),,,사업용,5444,0,0,,,0,,,5444
,,,휘발유(유연),,,비사업용,37,0,0,,,0,,,37
광진구,,,CNG,,,비사업용,12,1,11,,,0,,,24
,,,CNG,,,사업용,0,155,0,,,0,,,155
,,,경유,,,비사업용,21981,2066,9653,,,72,,,33772
,,,경유,,,사업용,478,200,1389,,,184,,,2251
,,,기타연료,,,비사업용,0,45,91,,,19,,,155
,,,기타연료,,,사업용,0,0,3,,,0,,,3
광진구,,,수소,,,비사업용,47,0,0,,,0,,,47
,,,엘피지,,,비사업용,4074,393,637,,,1,,,5105
,,,엘피지,,,사업용,2018,19,251,,,59,,,2347
,,,전기,,,비사업용,462,0,54,,,3,,,519
,,,전기,,,사업용,43,8,53,,,0,,,104
,,,하이브리드(LPG+전기),,,비사업용,50,0,0,,,0,,,50
,,,하이브리드(경유+전기),,,비사업용,65,0,0,,,0,,,65
,,,하이브리드(경유+전기),,,사업용,36,0,0,,,0,,,36
,,,하이브리드(휘발유+전기),,,비사업용,3861,0,0,,,0,,,3861
,,,하이브리드(휘발유+전기),,,사업용,77,0,0,,,0,,,77
,,,휘발유,,,비사업용,19799,8,49,,,0,,,19856
,,,휘발유,,,사업용,344,0,0,,,0,,,344
,,,휘발유(무연),,,비사업용,29676,21,32,,,0,,,29729
,,,휘발유(무연),,,사업용,438,0,0,,,0,,,438
,,,휘발유(유연),,,비사업용,31,0,0,,,0,,,31
동대문구,,,CNG,,,비사업용,10,1,14,,,0,,,25
,,,CNG,,,사업용,0,23,0,,,0,,,23
,,,경유,,,비사업용,22537,2546,8969,,,110,,,34162
,,,경유,,,사업용,136,98,1801,,,94,,,2129
,,,기타연료,,,비사업용,3,48,135,,,20,,,206
,,,기타연료,,,사업용,0,0,7,,,0,,,7
,,,수소,,,비사업용,47,0,0,,,0,,,47
,,,수소,,,사업용,7,0,0,,,0,,,7
동대문구,,,엘피지,,,비사업용,4655,441,815,,,3,,,5914
,,,엘피지,,,사업용,2038,13,292,,,0,,,2343
,,,전기,,,비사업용,438,1,71,,,0,,,510
,,,전기,,,사업용,71,0,78,,,0,,,149
,,,하이브리드(LPG+전기),,,비사업용,49,0,0,,,0,,,49
,,,하이브리드(경유+전기),,,비사업용,68,0,0,,,0,,,68
,,,하이브리드(경유+전기),,,사업용,5,0,0,,,0,,,5
,,,하이브리드(휘발유+전기),,,비사업용,3601,0,0,,,0,,,3601
,,,하이브리드(휘발유+전기),,,사업용,29,0,0,,,0,,,29
,,,휘발유,,,비사업용,18832,11,69,,,1,,,18913
,,,휘발유,,,사업용,88,0,0,,,0,,,88
,,,휘발유(무연),,,비사업용,30119,29,24,,,0,,,30172
,,,휘발유(무연),,,사업용,123,0,0,,,0,,,123
,,,휘발유(유연),,,비사업용,29,0,0,,,0,,,29
중랑구,,,CNG,,,비사업용,18,2,9,,,0,,,29
,,,CNG,,,사업용,0,321,0,,,0,,,321
,,,경유,,,비사업용,25882,2969,10840,,,151,,,39842
,,,경유,,,사업용,222,156,2306,,,327,,,3011
,,,기타연료,,,비사업용,2,48,103,,,25,,,178
,,,기타연료,,,사업용,0,0,15,,,0,,,15
,,,수소,,,비사업용,47,0,0,,,0,,,47
,,,엘피지,,,비사업용,6482,567,880,,,3,,,7932
,,,엘피지,,,사업용,4897,22,336,,,0,,,5255
중랑구,,,전기,,,비사업용,397,0,74,,,1,,,472
,,,전기,,,사업용,121,49,136,,,0,,,306
,,,하이브리드(LPG+전기),,,비사업용,42,0,0,,,0,,,42
,,,하이브리드(LPG+전기),,,사업용,7,0,0,,,0,,,7
,,,하이브리드(경유+전기),,,비사업용,52,0,0,,,0,,,52
,,,하이브리드(경유+전기),,,사업용,1,0,0,,,0,,,1
,,,하이브리드(휘발유+전기),,,비사업용,3443,0,1,,,0,,,3444
,,,하이브리드(휘발유+전기),,,사업용,30,0,0,,,0,,,30
,,,휘발유,,,비사업용,18991,14,81,,,0,,,19086
,,,휘발유,,,사업용,34,0,0,,,0,,,34
,,,휘발유(무연),,,비사업용,34254,15,29,,,1,,,34299
,,,휘발유(무연),,,사업용,407,0,0,,,0,,,407
,,,휘발유(유연),,,비사업용,39,0,0,,,0,,,39
성북구,,,CNG,,,비사업용,16,3,10,,,0,,,29
,,,CNG,,,사업용,0,685,0,,,0,,,685
,,,경유,,,비사업용,28971,2789,8029,,,99,,,39888
,,,경유,,,사업용,33,316,1367,,,106,,,1822
,,,기타연료,,,비사업용,2,58,157,,,48,,,265
,,,기타연료,,,사업용,0,0,2,,,0,,,2
,,,수소,,,비사업용,63,0,0,,,0,,,63
,,,엘피지,,,비사업용,5585,437,689,,,3,,,6714
,,,엘피지,,,사업용,2036,19,263,,,0,,,2318
,,,전기,,,비사업용,617,0,69,,,0,,,686
성북구,,,전기,,,사업용,55,101,84,,,0,,,240
,,,하이브리드(CNG+전기),,,사업용,0,3,0,,,0,,,3
,,,하이브리드(LPG+전기),,,비사업용,52,0,0,,,0,,,52
,,,하이브리드(LPG+전기),,,사업용,2,0,0,,,0,,,2
,,,하이브리드(경유+전기),,,비사업용,73,0,0,,,0,,,73
,,,하이브리드(휘발유+전기),,,비사업용,5002,0,0,,,0,,,5002
,,,하이브리드(휘발유+전기),,,사업용,3,0,0,,,0,,,3
,,,휘발유,,,비사업용,24428,16,78,,,0,,,24522
,,,휘발유,,,사업용,5,0,0,,,0,,,5
,,,휘발유(무연),,,비사업용,39054,19,16,,,0,,,39089
,,,휘발유(무연),,,사업용,26,0,0,,,0,,,26
,,,휘발유(유연),,,비사업용,39,0,0,,,0,,,39
강북구,,,CNG,,,비사업용,6,1,7,,,0,,,14
,,,CNG,,,사업용,0,625,0,,,0,,,625
,,,경유,,,비사업용,17166,2100,6635,,,95,,,25996
,,,경유,,,사업용,5,34,1016,,,102,,,1157
,,,기타연료,,,비사업용,0,18,87,,,10,,,115
,,,기타연료,,,사업용,0,0,3,,,0,,,3
,,,수소,,,비사업용,24,0,0,,,0,,,24
,,,엘피지,,,비사업용,4428,433,611,,,3,,,5475
,,,엘피지,,,사업용,2035,9,188,,,0,,,2232
,,,전기,,,비사업용,267,9,43,,,0,,,319
,,,전기,,,사업용,76,51,68,,,0,,,195
강북구,,,하이브리드(LPG+전기),,,비사업용,39,0,0,,,0,,,39
,,,하이브리드(경유+전기),,,비사업용,30,0,0,,,0,,,30
,,,하이브리드(휘발유+전기),,,비사업용,2277,0,0,,,0,,,2277
,,,휘발유,,,비사업용,12997,12,54,,,1,,,13064
,,,휘발유,,,사업용,3,0,0,,,0,,,3
,,,휘발유(무연),,,비사업용,23667,14,11,,,0,,,23692
,,,휘발유(무연),,,사업용,6,0,0,,,0,,,6
,,,휘발유(유연),,,비사업용,22,0,0,,,0,,,22
도봉구,,,CNG,,,비사업용,10,1,11,,,0,,,22
,,,CNG,,,사업용,0,328,0,,,0,,,328
,,,경유,,,비사업용,21180,2331,7643,,,128,,,31282
,,,경유,,,사업용,81,53,1662,,,165,,,1961
,,,기타연료,,,비사업용,1,41,104,,,9,,,155
,,,기타연료,,,사업용,0,0,6,,,0,,,6
,,,수소,,,비사업용,26,0,0,,,0,,,26
,,,엘피지,,,비사업용,5463,422,643,,,1,,,6529
,,,엘피지,,,사업용,4110,174,257,,,0,,,4541
,,,전기,,,비사업용,322,1,72,,,5,,,400
,,,전기,,,사업용,145,12,82,,,0,,,239
,,,하이브리드(CNG+전기),,,사업용,0,8,0,,,0,,,8
,,,하이브리드(LPG+전기),,,비사업용,57,0,0,,,0,,,57
,,,하이브리드(LPG+전기),,,사업용,2,0,0,,,0,,,2
,,,하이브리드(경유+전기),,,비사업용,37,0,0,,,0,,,37
도봉구,,,하이브리드(경유+전기),,,사업용,2,0,0,,,0,,,2
,,,하이브리드(휘발유+전기),,,비사업용,3012,0,0,,,0,,,3012
,,,하이브리드(휘발유+전기),,,사업용,7,0,0,,,0,,,7
,,,휘발유,,,비사업용,16502,8,73,,,0,,,16583
,,,휘발유,,,사업용,55,0,0,,,0,,,55
,,,휘발유(무연),,,비사업용,30185,16,18,,,0,,,30219
,,,휘발유(무연),,,사업용,135,0,0,,,0,,,135
,,,휘발유(유연),,,비사업용,35,0,0,,,0,,,35
노원구,,,CNG,,,비사업용,22,3,6,,,0,,,31
,,,CNG,,,사업용,0,567,0,,,0,,,567
,,,경유,,,비사업용,34342,3267,9330,,,158,,,47097
,,,경유,,,사업용,104,219,1712,,,269,,,2304
,,,기타연료,,,비사업용,2,75,188,,,24,,,289
,,,기타연료,,,사업용,0,0,11,,,0,,,11
,,,수소,,,비사업용,63,0,0,,,0,,,63
,,,엘피지,,,비사업용,9174,554,779,,,2,,,10509
,,,엘피지,,,사업용,5288,15,294,,,0,,,5597
,,,전기,,,비사업용,552,3,77,,,1,,,633
,,,전기,,,사업용,129,22,112,,,0,,,263
,,,하이브리드(CNG+전기),,,사업용,0,31,0,,,0,,,31
,,,하이브리드(LPG+전기),,,비사업용,93,0,0,,,0,,,93
,,,하이브리드(LPG+전기),,,사업용,5,0,0,,,0,,,5
,,,하이브리드(경유+전기),,,비사업용,52,0,0,,,0,,,52
노원구,,,하이브리드(휘발유+전기),,,비사업용,5836,0,0,,,0,,,5836
,,,하이브리드(휘발유+전기),,,사업용,1,0,0,,,0,,,1
,,,휘발유,,,비사업용,28166,9,87,,,0,,,28262
,,,휘발유,,,사업용,9,0,0,,,0,,,9
,,,휘발유(무연),,,비사업용,50624,23,15,,,1,,,50663
,,,휘발유(무연),,,사업용,128,0,0,,,0,,,128
,,,휘발유(유연),,,비사업용,45,0,0,,,0,,,45
은평구,,,CNG,,,비사업용,11,2,13,,,0,,,26
,,,CNG,,,사업용,0,666,0,,,0,,,666
,,,경유,,,비사업용,29872,2986,9481,,,126,,,42465
,,,경유,,,사업용,27,58,1614,,,202,,,1901
,,,기타연료,,,비사업용,2,50,138,,,21,,,211
,,,기타연료,,,사업용,0,0,1,,,0,,,1
,,,수소,,,비사업용,101,0,0,,,0,,,101
,,,수소,,,사업용,5,0,0,,,0,,,5
,,,엘피지,,,비사업용,6969,554,739,,,2,,,8264
,,,엘피지,,,사업용,3870,4,204,,,0,,,4078
,,,전기,,,비사업용,562,0,63,,,1,,,626
,,,전기,,,사업용,142,10,123,,,0,,,275
,,,하이브리드(CNG+전기),,,사업용,0,1,0,,,0,,,1
,,,하이브리드(LPG+전기),,,비사업용,79,0,0,,,0,,,79
,,,하이브리드(경유+전기),,,비사업용,47,0,0,,,0,,,47
,,,하이브리드(휘발유+전기),,,비사업용,5041,0,0,,,0,,,5041
은평구,,,하이브리드(휘발유+전기),,,사업용,2,0,0,,,0,,,2
,,,휘발유,,,비사업용,25961,14,75,,,1,,,26051
,,,휘발유,,,사업용,2,0,0,,,0,,,2
,,,휘발유(무연),,,비사업용,43367,22,28,,,0,,,43417
,,,휘발유(무연),,,사업용,33,8,0,,,0,,,41
,,,휘발유(유연),,,비사업용,45,0,0,,,0,,,45
서대문구,,,CNG,,,비사업용,12,2,9,,,0,,,23
,,,CNG,,,사업용,0,231,0,,,0,,,231
,,,경유,,,비사업용,19696,2042,5437,,,99,,,27274
,,,경유,,,사업용,196,120,1678,,,222,,,2216
,,,기타연료,,,비사업용,2,39,81,,,21,,,143
,,,기타연료,,,사업용,0,0,51,,,0,,,51
,,,수소,,,비사업용,85,0,0,,,0,,,85
,,,엘피지,,,비사업용,3875,285,499,,,1,,,4660
,,,엘피지,,,사업용,2486,7,90,,,10,,,2593
,,,전기,,,비사업용,489,1,35,,,0,,,525
,,,전기,,,사업용,47,48,50,,,0,,,145
,,,하이브리드(CNG+전기),,,사업용,0,2,0,,,0,,,2
,,,하이브리드(LPG+전기),,,비사업용,41,0,0,,,0,,,41
,,,하이브리드(경유+전기),,,비사업용,58,0,0,,,0,,,58
,,,하이브리드(경유+전기),,,사업용,3,0,0,,,0,,,3
,,,하이브리드(휘발유+전기),,,비사업용,3974,0,0,,,0,,,3974
,,,하이브리드(휘발유+전기),,,사업용,18,0,0,,,0,,,18
서대문구,,,휘발유,,,비사업용,18439,11,71,,,0,,,18521
,,,휘발유,,,사업용,13,0,0,,,0,,,13
,,,휘발유(무연),,,비사업용,28559,19,26,,,0,,,28604
,,,휘발유(무연),,,사업용,288,0,0,,,0,,,288
,,,휘발유(유연),,,비사업용,31,0,0,,,0,,,31
마포구,,,CNG,,,비사업용,22,0,24,,,0,,,46
,,,CNG,,,사업용,0,267,0,,,0,,,267
,,,경유,,,비사업용,26639,2392,8587,,,191,,,37809
,,,경유,,,사업용,972,297,1881,,,155,,,3305
,,,기타연료,,,비사업용,2,60,147,,,19,,,228
,,,기타연료,,,사업용,0,0,49,,,0,,,49
,,,수소,,,비사업용,143,0,0,,,0,,,143
,,,엘피지,,,비사업용,4216,473,688,,,2,,,5379
,,,엘피지,,,사업용,2199,8,131,,,0,,,2338
,,,전기,,,비사업용,805,1,109,,,4,,,919
,,,전기,,,사업용,49,21,98,,,0,,,168
,,,하이브리드(LPG+전기),,,비사업용,59,0,0,,,0,,,59
,,,하이브리드(경유+전기),,,비사업용,94,0,0,,,0,,,94
,,,하이브리드(경유+전기),,,사업용,13,0,0,,,0,,,13
,,,하이브리드(휘발유+전기),,,비사업용,5598,0,1,,,0,,,5599
,,,하이브리드(휘발유+전기),,,사업용,83,0,0,,,0,,,83
,,,휘발유,,,비사업용,26623,21,99,,,1,,,26744
,,,휘발유,,,사업용,99,0,0,,,0,,,99
마포구,,,휘발유(무연),,,비사업용,36785,20,36,,,0,,,36841
,,,휘발유(무연),,,사업용,980,1,0,,,0,,,981
,,,휘발유(유연),,,비사업용,34,0,0,,,0,,,34
양천구,,,CNG,,,비사업용,16,5,18,,,0,,,39
,,,CNG,,,사업용,0,572,0,,,0,,,572
,,,경유,,,비사업용,33149,2939,10560,,,205,,,46853
,,,경유,,,사업용,58,97,2438,,,434,,,3027
,,,기타연료,,,비사업용,2,65,177,,,24,,,268
,,,기타연료,,,사업용,0,0,51,,,0,,,51
,,,수소,,,비사업용,85,0,0,,,0,,,85
,,,수소,,,사업용,1,0,0,,,0,,,1
,,,엘피지,,,비사업용,7366,550,789,,,2,,,8707
,,,엘피지,,,사업용,4240,17,190,,,0,,,4447
,,,전기,,,비사업용,647,1,89,,,0,,,737
,,,전기,,,사업용,76,76,109,,,0,,,261
,,,하이브리드(LPG+전기),,,비사업용,82,0,0,,,0,,,82
,,,하이브리드(LPG+전기),,,사업용,4,0,0,,,0,,,4
,,,하이브리드(경유+전기),,,비사업용,90,0,0,,,0,,,90
,,,하이브리드(휘발유+전기),,,비사업용,6382,0,0,,,0,,,6382
,,,하이브리드(휘발유+전기),,,사업용,2,0,0,,,0,,,2
,,,휘발유,,,비사업용,31796,12,73,,,0,,,31881
,,,휘발유,,,사업용,18,0,0,,,0,,,18
,,,휘발유(무연),,,비사업용,47568,19,32,,,0,,,47619
양천구,,,휘발유(무연),,,사업용,104,0,0,,,0,,,104
,,,휘발유(유연),,,비사업용,43,0,0,,,0,,,43
강서구,,,CNG,,,비사업용,19,6,8,,,0,,,33
,,,CNG,,,사업용,0,332,0,,,0,,,332
,,,경유,,,비사업용,43918,4078,15313,,,304,,,63613
,,,경유,,,사업용,854,958,3611,,,252,,,5675
,,,기타연료,,,비사업용,3,72,222,,,35,,,332
,,,기타연료,,,사업용,0,0,42,,,0,,,42
,,,수소,,,비사업용,127,0,0,,,0,,,127
,,,수소,,,사업용,5,0,0,,,0,,,5
,,,엘피지,,,비사업용,10463,741,1144,,,4,,,12352
,,,엘피지,,,사업용,7051,38,259,,,0,,,7348
,,,전기,,,비사업용,924,5,106,,,1,,,1036
,,,전기,,,사업용,462,53,226,,,0,,,741
,,,하이브리드(LPG+전기),,,비사업용,98,0,0,,,0,,,98
,,,하이브리드(LPG+전기),,,사업용,1,0,0,,,0,,,1
,,,하이브리드(경유+전기),,,비사업용,102,0,0,,,0,,,102
,,,하이브리드(경유+전기),,,사업용,12,0,0,,,0,,,12
,,,하이브리드(휘발유+전기),,,비사업용,7731,0,1,,,0,,,7732
,,,하이브리드(휘발유+전기),,,사업용,2902,0,0,,,0,,,2902
,,,휘발유,,,비사업용,38171,21,127,,,0,,,38319
,,,휘발유,,,사업용,172,2,0,,,0,,,174
,,,휘발유(무연),,,비사업용,63127,32,40,,,1,,,63200
강서구,,,휘발유(무연),,,사업용,912,2,0,,,0,,,914
,,,휘발유(유연),,,비사업용,67,0,0,,,0,,,67
구로구,,,CNG,,,비사업용,15,0,11,,,0,,,26
,,,CNG,,,사업용,1,325,0,,,0,,,326
,,,경유,,,비사업용,32756,4174,12987,,,257,,,50174
,,,경유,,,사업용,596,202,2319,,,157,,,3274
,,,기타연료,,,비사업용,1,54,208,,,22,,,285
,,,기타연료,,,사업용,0,0,35,,,0,,,35
,,,수소,,,비사업용,72,0,0,,,0,,,72
,,,수소,,,사업용,87,0,0,,,0,,,87
,,,엘피지,,,비사업용,6745,495,801,,,1,,,8042
,,,엘피지,,,사업용,4360,17,219,,,0,,,4596
,,,전기,,,비사업용,503,1,129,,,0,,,633
,,,전기,,,사업용,2985,62,119,,,0,,,3166
,,,하이브리드(LPG+전기),,,비사업용,84,0,0,,,0,,,84
,,,하이브리드(LPG+전기),,,사업용,11,0,0,,,0,,,11
,,,하이브리드(경유+전기),,,비사업용,50,0,0,,,0,,,50
,,,하이브리드(경유+전기),,,사업용,7,0,0,,,0,,,7
,,,하이브리드(휘발유+전기),,,비사업용,5014,0,1,,,0,,,5015
,,,하이브리드(휘발유+전기),,,사업용,188,0,0,,,0,,,188
,,,휘발유,,,비사업용,24194,11,90,,,0,,,24295
,,,휘발유,,,사업용,192,0,0,,,0,,,192
,,,휘발유(무연),,,비사업용,43610,14,25,,,0,,,43649
구로구,,,휘발유(무연),,,사업용,1340,0,0,,,0,,,1340
,,,휘발유(유연),,,비사업용,43,0,0,,,0,,,43
금천구,,,CNG,,,비사업용,9,0,4,,,0,,,13
,,,CNG,,,사업용,0,372,0,,,0,,,372
,,,경유,,,비사업용,21031,2741,10025,,,131,,,33928
,,,경유,,,사업용,320,82,2027,,,116,,,2545
,,,기타연료,,,비사업용,1,24,96,,,15,,,136
,,,기타연료,,,사업용,0,0,35,,,0,,,35
,,,수소,,,비사업용,35,0,0,,,0,,,35
,,,수소,,,사업용,1,0,0,,,0,,,1
,,,엘피지,,,비사업용,3895,358,566,,,1,,,4820
,,,엘피지,,,사업용,2475,7,155,,,0,,,2637
,,,전기,,,비사업용,339,0,85,,,1,,,425
,,,전기,,,사업용,59,19,58,,,0,,,136
,,,하이브리드(LPG+전기),,,비사업용,54,0,0,,,0,,,54
,,,하이브리드(LPG+전기),,,사업용,26,0,0,,,0,,,26
,,,하이브리드(경유+전기),,,비사업용,48,1,0,,,0,,,49
,,,하이브리드(경유+전기),,,사업용,6,0,0,,,0,,,6
,,,하이브리드(휘발유+전기),,,비사업용,2998,0,0,,,0,,,2998
,,,하이브리드(휘발유+전기),,,사업용,42,0,0,,,0,,,42
,,,휘발유,,,비사업용,13820,8,65,,,0,,,13893
,,,휘발유,,,사업용,108,0,0,,,0,,,108
,,,휘발유(무연),,,비사업용,27569,9,18,,,0,,,27596
금천구,,,휘발유(무연),,,사업용,506,0,0,,,0,,,506
,,,휘발유(유연),,,비사업용,39,0,0,,,0,,,39
영등포구,,,CNG,,,비사업용,9,4,23,,,0,,,36
,,,CNG,,,사업용,0,70,1,,,0,,,71
,,,경유,,,비사업용,31238,3806,13342,,,534,,,48920
,,,경유,,,사업용,177,93,3713,,,624,,,4607
,,,기타연료,,,비사업용,4,49,177,,,21,,,251
,,,기타연료,,,사업용,0,0,200,,,0,,,200
,,,수소,,,비사업용,144,1,0,,,0,,,145
,,,수소,,,사업용,14,0,0,,,0,,,14
,,,엘피지,,,비사업용,5470,445,839,,,8,,,6762
,,,엘피지,,,사업용,2267,7,262,,,5,,,2541
,,,전기,,,비사업용,921,0,715,,,2,,,1638
,,,전기,,,사업용,671,2,77,,,0,,,750
,,,하이브리드(LPG+전기),,,비사업용,72,0,0,,,0,,,72
,,,하이브리드(LPG+전기),,,사업용,30,0,0,,,0,,,30
,,,하이브리드(경유+전기),,,비사업용,87,0,0,,,0,,,87
,,,하이브리드(경유+전기),,,사업용,1,0,0,,,0,,,1
,,,하이브리드(휘발유+전기),,,비사업용,6297,0,0,,,0,,,6297
,,,하이브리드(휘발유+전기),,,사업용,258,0,0,,,0,,,258
,,,휘발유,,,비사업용,29003,20,105,,,2,,,29130
,,,휘발유,,,사업용,28,0,1,,,0,,,29
,,,휘발유(무연),,,비사업용,44081,23,38,,,0,,,44142
영등포구,,,휘발유(무연),,,사업용,246,0,0,,,0,,,246
,,,휘발유(유연),,,비사업용,55,0,0,,,0,,,55
동작구,,,CNG,,,비사업용,7,0,5,,,0,,,12
,,,CNG,,,사업용,0,45,0,,,0,,,45
,,,경유,,,비사업용,24189,2213,6307,,,107,,,32816
,,,경유,,,사업용,25,87,1036,,,234,,,1382
,,,기타연료,,,비사업용,1,35,89,,,19,,,144
,,,기타연료,,,사업용,0,0,5,,,0,,,5
,,,수소,,,비사업용,92,0,0,,,0,,,92
,,,엘피지,,,비사업용,4859,384,534,,,2,,,5779
,,,엘피지,,,사업용,1054,4,119,,,0,,,1177
,,,전기,,,비사업용,582,1,55,,,2,,,640
,,,전기,,,사업용,35,4,47,,,0,,,86
,,,하이브리드(LPG+전기),,,비사업용,60,0,0,,,0,,,60
,,,하이브리드(LPG+전기),,,사업용,1,0,0,,,0,,,1
,,,하이브리드(경유+전기),,,비사업용,72,0,0,,,0,,,72
,,,하이브리드(휘발유+전기),,,비사업용,5123,0,0,,,0,,,5123
,,,하이브리드(휘발유+전기),,,사업용,8,0,0,,,0,,,8
,,,휘발유,,,비사업용,23258,11,50,,,0,,,23319
,,,휘발유,,,사업용,6,0,0,,,0,,,6
,,,휘발유(무연),,,비사업용,35324,10,25,,,0,,,35359
,,,휘발유(무연),,,사업용,48,0,0,,,0,,,48
,,,휘발유(유연),,,비사업용,35,0,0,,,0,,,35
관악구,,,CNG,,,비사업용,5,11,4,,,1,,,21
,,,CNG,,,사업용,1,172,0,,,0,,,173
,,,경유,,,비사업용,26867,3067,8627,,,137,,,38698
,,,경유,,,사업용,175,41,1762,,,174,,,2152
,,,기타연료,,,비사업용,0,23,113,,,10,,,146
,,,기타연료,,,사업용,0,0,7,,,0,,,7
,,,수소,,,비사업용,63,0,0,,,0,,,63
,,,엘피지,,,비사업용,6325,497,708,,,3,,,7533
,,,엘피지,,,사업용,2607,22,237,,,0,,,2866
,,,전기,,,비사업용,480,0,59,,,0,,,539
,,,전기,,,사업용,87,77,74,,,0,,,238
,,,하이브리드(LPG+전기),,,비사업용,83,0,0,,,0,,,83
,,,하이브리드(경유+전기),,,비사업용,42,0,0,,,0,,,42
,,,하이브리드(휘발유+전기),,,비사업용,4547,0,1,,,0,,,4548
,,,하이브리드(휘발유+전기),,,사업용,17,0,0,,,0,,,17
,,,휘발유,,,비사업용,22157,14,70,,,0,,,22241
,,,휘발유,,,사업용,11,0,0,,,0,,,11
,,,휘발유(무연),,,비사업용,38591,15,21,,,0,,,38627
,,,휘발유(무연),,,사업용,191,0,0,,,0,,,191
,,,휘발유(유연),,,비사업용,54,0,0,,,0,,,54
서초구,,,CNG,,,비사업용,20,5,23,,,0,,,48
,,,CNG,,,사업용,0,462,0,,,0,,,462
,,,경유,,,비사업용,36043,2814,9804,,,206,,,48867
서초구,,,경유,,,사업용,843,215,4624,,,160,,,5842
,,,기타연료,,,비사업용,4,80,229,,,47,,,360
,,,기타연료,,,사업용,0,0,63,,,0,,,63
,,,수소,,,비사업용,235,0,0,,,0,,,235
,,,수소,,,사업용,10,0,0,,,0,,,10
,,,엘피지,,,비사업용,3973,474,663,,,1,,,5111
,,,엘피지,,,사업용,1545,8,141,,,0,,,1694
,,,전기,,,비사업용,2969,1,120,,,2,,,3092
,,,전기,,,사업용,326,16,63,,,0,,,405
,,,하이브리드(LPG+전기),,,비사업용,52,0,0,,,0,,,52
,,,하이브리드(경유+전기),,,비사업용,166,0,0,,,0,,,166
,,,하이브리드(경유+전기),,,사업용,12,0,0,,,0,,,12
,,,하이브리드(휘발유+전기),,,비사업용,10170,0,0,,,0,,,10170
,,,하이브리드(휘발유+전기),,,사업용,210,0,0,,,0,,,210
,,,휘발유,,,비사업용,47533,47,117,,,2,,,47699
,,,휘발유,,,사업용,349,12,1,,,0,,,362
,,,휘발유(무연),,,비사업용,50058,41,46,,,1,,,50146
,,,휘발유(무연),,,사업용,1635,3,0,,,0,,,1638
,,,휘발유(유연),,,비사업용,51,0,0,,,0,,,51
강남구,,,CNG,,,비사업용,35,5,33,,,0,,,73
,,,CNG,,,사업용,0,194,0,,,0,,,194
,,,경유,,,비사업용,48610,3511,12493,,,227,,,64841
,,,경유,,,사업용,1480,387,1305,,,146,,,3318
강남구,,,기타연료,,,비사업용,11,86,273,,,49,,,419
,,,기타연료,,,사업용,0,0,166,,,0,,,166
,,,수소,,,비사업용,190,0,0,,,0,,,190
,,,수소,,,사업용,6,0,0,,,0,,,6
,,,엘피지,,,비사업용,5496,657,859,,,1,,,7013
,,,엘피지,,,사업용,3634,47,57,,,0,,,3738
,,,전기,,,비사업용,2405,7,118,,,0,,,2530
,,,전기,,,사업용,9568,0,78,,,0,,,9646
,,,하이브리드(LPG+전기),,,비사업용,71,0,0,,,0,,,71
,,,하이브리드(경유+전기),,,비사업용,339,0,0,,,0,,,339
,,,하이브리드(경유+전기),,,사업용,8,0,0,,,0,,,8
,,,하이브리드(휘발유+전기),,,비사업용,14436,0,0,,,0,,,14436
,,,하이브리드(휘발유+전기),,,사업용,880,0,0,,,0,,,880
,,,휘발유,,,비사업용,65411,54,189,,,3,,,65657
,,,휘발유,,,사업용,437,0,0,,,2,,,439
,,,휘발유(무연),,,비사업용,63620,43,106,,,2,,,63771
,,,휘발유(무연),,,사업용,2840,0,0,,,0,,,2840
,,,휘발유(유연),,,비사업용,90,0,0,,,0,,,90
,,,휘발유(유연),,,사업용,1,0,0,,,0,,,1
송파구,,,CNG,,,비사업용,39,1,22,,,0,,,62
,,,CNG,,,사업용,1,759,0,,,0,,,760
,,,경유,,,비사업용,52016,3797,23655,,,235,,,79703
,,,경유,,,사업용,554,619,4443,,,345,,,5961
송파구,,,기타연료,,,비사업용,1,113,313,,,71,,,498
,,,기타연료,,,사업용,0,0,117,,,0,,,117
,,,수소,,,비사업용,187,0,0,,,0,,,187
,,,수소,,,사업용,2,0,0,,,0,,,2
,,,엘피지,,,비사업용,8591,729,1241,,,4,,,10565
,,,엘피지,,,사업용,5177,231,314,,,0,,,5722
,,,전기,,,비사업용,1485,5,157,,,2,,,1649
,,,전기,,,사업용,162,1,179,,,0,,,342
,,,하이브리드(CNG+전기),,,사업용,0,4,0,,,0,,,4
,,,하이브리드(LPG+전기),,,비사업용,102,0,0,,,0,,,102
,,,하이브리드(경유+전기),,,비사업용,223,0,0,,,0,,,223
,,,하이브리드(경유+전기),,,사업용,8,0,0,,,0,,,8
,,,하이브리드(휘발유+전기),,,비사업용,12193,0,1,,,0,,,12194
,,,하이브리드(휘발유+전기),,,사업용,28,0,0,,,0,,,28
,,,휘발유,,,비사업용,55025,26,165,,,0,,,55216
,,,휘발유,,,사업용,138,2,0,,,0,,,140
,,,휘발유(무연),,,비사업용,73936,35,44,,,0,,,74015
,,,휘발유(무연),,,사업용,660,1,0,,,0,,,661
,,,휘발유(유연),,,비사업용,90,0,0,,,0,,,90
,,,휘발유(유연),,,사업용,2,0,0,,,0,,,2
강동구,,,CNG,,,비사업용,26,0,13,,,0,,,39
,,,CNG,,,사업용,0,168,0,,,0,,,168
,,,경유,,,비사업용,33893,2990,11342,,,140,,,48365
강동구,,,경유,,,사업용,217,294,2029,,,236,,,2776
,,,기타연료,,,비사업용,4,69,189,,,28,,,290
,,,기타연료,,,사업용,0,0,37,,,0,,,37
,,,수소,,,비사업용,200,0,0,,,0,,,200
,,,수소,,,사업용,4,0,0,,,0,,,4
,,,엘피지,,,비사업용,7577,624,864,,,2,,,9067
,,,엘피지,,,사업용,4384,199,240,,,0,,,4823
,,,전기,,,비사업용,866,1,97,,,0,,,964
,,,전기,,,사업용,154,32,144,,,0,,,330
,,,하이브리드(CNG+전기),,,사업용,0,2,0,,,0,,,2
,,,하이브리드(LPG+전기),,,비사업용,72,0,0,,,0,,,72
,,,하이브리드(경유+전기),,,비사업용,94,0,0,,,0,,,94
,,,하이브리드(경유+전기),,,사업용,4,0,0,,,0,,,4
,,,하이브리드(휘발유+전기),,,비사업용,6815,0,0,,,0,,,6815
,,,하이브리드(휘발유+전기),,,사업용,67,0,0,,,0,,,67
,,,휘발유,,,비사업용,29761,19,94,,,0,,,29874
,,,휘발유,,,사업용,83,0,0,,,0,,,83
,,,휘발유(무연),,,비사업용,47537,18,30,,,0,,,47585
,,,휘발유(무연),,,사업용,245,0,0,,,0,,,245
,,,휘발유(유연),,,비사업용,53,0,0,,,0,,,53